Condition,N,SAE_Mean,SAE_Std,AAE_Mean,AAE_Std,Mean_Diff,p_value
Base (No Role),120,1.75,2.050824798207096,1.725,2.020743269528451,-0.025,0.9204426072434704
Role Prompting,120,1.5833333333333333,1.8176692682189044,1.75,1.9628910251133629,0.16666666666666666,0.5086754831735887
Chain-of-Thought,120,1.075,0.45211919302975956,1.3416666666666666,1.065074529552463,0.26666666666666666,0.012392088493548493
Multi-Agent,120,1.2333333333333334,1.3703543879082452,1.0583333333333333,0.32528806453660725,-0.175,0.17900744473206442
