Condition,t_stat,p_value,Cohens_d,Effect,Significant
Base (No Role),-0.10008835224812841,0.9204426072434704,-0.009136774711637135,negligible,False
Role Prompting,0.6629017273681754,0.5086754831735887,0.060514371581448186,negligible,False
Chain-of-Thought,2.5394432907482565,0.012392088493548493,0.23181839564132808,small,True
Multi-Agent,-1.351786542611187,0.17900744473206442,-0.1234006637200112,negligible,False
